epoch,time,train/box_loss,train/cls_loss,train/dfl_loss,metrics/precision(B),metrics/recall(B),metrics/mAP50(B),metrics/mAP50-95(B),val/box_loss,val/cls_loss,val/dfl_loss,lr/pg0,lr/pg1,lr/pg2
1,194.853,0.85624,2.28056,1.05079,0.98083,0.85262,0.96933,0.73968,0.57389,57.7362,0.63575,0.000659091,0.000659091,0.000659091
2,402.763,0.76924,1.33662,0.95781,0.975,0.925,0.98345,0.72926,0.58149,31.6952,0.63161,0.00130826,0.00130826,0.00130826
3,607.636,0.77321,0.95292,0.95632,0.83177,0.86526,0.92696,0.72535,0.58142,70.1513,0.65879,0.00193982,0.00193982,0.00193982
4,815.822,0.75318,0.72034,0.9425,0.9985,1,0.995,0.78754,0.51175,10.9047,0.60217,0.0019208,0.0019208,0.0019208
5,1015.26,0.73066,0.62792,0.93695,0.98976,0.98333,0.99419,0.79834,0.55316,5.28011,0.60399,0.0018944,0.0018944,0.0018944
6,1211.73,0.69993,0.55535,0.93326,0.96652,0.96235,0.99074,0.79571,0.51015,16.4278,0.59186,0.001868,0.001868,0.001868
7,1437.65,0.68846,0.53579,0.93155,0.99683,1,0.995,0.79741,0.52271,1.48289,0.59123,0.0018416,0.0018416,0.0018416
8,1664.16,0.64166,0.47433,0.90767,0.98316,0.9732,0.99132,0.7973,0.50215,2.49029,0.59265,0.0018152,0.0018152,0.0018152
9,1890.75,0.65409,0.48523,0.91665,0.99947,0.99167,0.995,0.83523,0.39192,3.52857,0.56346,0.0017888,0.0017888,0.0017888
10,2093.54,0.63253,0.46763,0.90648,0.99908,1,0.995,0.82934,0.45291,1.13872,0.56851,0.0017624,0.0017624,0.0017624
11,2317.57,0.61311,0.44036,0.90191,0.99944,1,0.995,0.85657,0.38272,0.70737,0.55586,0.001736,0.001736,0.001736
12,2544.64,0.61049,0.42374,0.90218,0.99067,1,0.99492,0.84381,0.42642,0.85065,0.56039,0.0017096,0.0017096,0.0017096
13,2772.37,0.59744,0.42141,0.89549,0.99098,1,0.99492,0.81802,0.5093,1.19789,0.57689,0.0016832,0.0016832,0.0016832
14,2976.17,0.60917,0.41766,0.89752,0.99531,1,0.995,0.8467,0.46369,0.52953,0.57182,0.0016568,0.0016568,0.0016568
15,3199.73,0.57502,0.39187,0.89512,0.99173,0.99972,0.995,0.86243,0.41758,0.53313,0.55499,0.0016304,0.0016304,0.0016304
16,3426.16,0.57739,0.39917,0.89521,0.99967,1,0.995,0.82314,0.48685,0.83077,0.5697,0.001604,0.001604,0.001604
17,3652.41,0.57104,0.39433,0.89418,0.98856,0.99167,0.99492,0.79459,0.54976,0.55657,0.59657,0.0015776,0.0015776,0.0015776
18,3880.28,0.56892,0.39072,0.89552,0.9977,1,0.995,0.8633,0.42633,0.676,0.5648,0.0015512,0.0015512,0.0015512
19,4078.85,0.57354,0.38323,0.8937,0.99817,1,0.995,0.84236,0.43344,0.47914,0.56165,0.0015248,0.0015248,0.0015248
20,4306.13,0.56368,0.3831,0.90003,0.9912,1,0.99417,0.8578,0.41226,0.39785,0.56282,0.0014984,0.0014984,0.0014984
21,4532.81,0.53862,0.36359,0.88775,0.99909,1,0.995,0.85805,0.39416,0.52917,0.55505,0.001472,0.001472,0.001472
22,4759.94,0.53964,0.36575,0.8908,0.99917,1,0.995,0.88372,0.33402,0.48217,0.54193,0.0014456,0.0014456,0.0014456
23,4960.39,0.53669,0.36096,0.88008,0.97547,0.99411,0.99467,0.84135,0.45166,0.65221,0.57228,0.0014192,0.0014192,0.0014192
24,5186.37,0.51983,0.34497,0.87792,0.99718,1,0.995,0.88843,0.33786,0.33275,0.54962,0.0013928,0.0013928,0.0013928
25,5411.96,0.53236,0.35205,0.88578,0.99527,0.98333,0.99483,0.8621,0.40658,0.46519,0.56317,0.0013664,0.0013664,0.0013664
26,5639.23,0.50598,0.34619,0.87511,0.99938,1,0.995,0.88959,0.33399,0.65996,0.53776,0.00134,0.00134,0.00134
27,5841.78,0.51799,0.34375,0.87929,0.9986,1,0.995,0.8809,0.36505,0.58074,0.54698,0.0013136,0.0013136,0.0013136
28,6066.18,0.50475,0.33851,0.87556,1,0.99998,0.995,0.87747,0.35677,0.31781,0.54445,0.0012872,0.0012872,0.0012872
29,6291.85,0.50642,0.33039,0.87958,0.99873,0.99167,0.995,0.87186,0.37875,0.27144,0.54717,0.0012608,0.0012608,0.0012608
30,6517.63,0.50222,0.32508,0.87372,0.98029,0.99167,0.99367,0.8851,0.34542,0.31093,0.54372,0.0012344,0.0012344,0.0012344
31,6744.52,0.48384,0.33072,0.8691,0.999,1,0.995,0.89823,0.31472,0.58975,0.54037,0.001208,0.001208,0.001208
32,6944.52,0.50684,0.3321,0.87828,0.99942,1,0.995,0.85365,0.41797,0.40501,0.55345,0.0011816,0.0011816,0.0011816
33,7170.59,0.49419,0.32016,0.87704,0.99943,1,0.995,0.88571,0.35202,0.27189,0.54602,0.0011552,0.0011552,0.0011552
34,7396.61,0.47373,0.31528,0.86575,0.99817,1,0.995,0.90955,0.30515,0.66014,0.53418,0.0011288,0.0011288,0.0011288
35,7622.66,0.48307,0.32076,0.87183,0.99799,1,0.995,0.86334,0.39638,1.54437,0.55479,0.0011024,0.0011024,0.0011024
36,7822.64,0.46834,0.30384,0.87054,0.99892,1,0.995,0.88965,0.33832,0.36919,0.5407,0.001076,0.001076,0.001076
37,8050.01,0.45658,0.30596,0.86317,0.9995,1,0.995,0.88071,0.35605,0.24883,0.54378,0.0010496,0.0010496,0.0010496
38,8275.8,0.45574,0.29835,0.85875,0.99921,1,0.995,0.86032,0.39294,0.36157,0.55138,0.0010232,0.0010232,0.0010232
39,8503.05,0.46789,0.30187,0.86847,0.99844,1,0.995,0.87859,0.3776,0.42831,0.54918,0.0009968,0.0009968,0.0009968
40,8704.59,0.45071,0.29718,0.8654,0.9995,1,0.995,0.86779,0.38096,0.2499,0.54358,0.0009704,0.0009704,0.0009704
41,8932.23,0.44954,0.29423,0.86294,0.99946,1,0.995,0.88726,0.32786,0.24608,0.5426,0.000944,0.000944,0.000944
42,9158.6,0.44524,0.28772,0.86692,0.99865,1,0.995,0.89399,0.33006,0.23878,0.54361,0.0009176,0.0009176,0.0009176
43,9384.42,0.45343,0.29275,0.85851,0.99118,1,0.995,0.87058,0.3906,0.22212,0.55397,0.0008912,0.0008912,0.0008912
44,9609.53,0.44604,0.28583,0.87181,0.9987,1,0.995,0.89057,0.33834,0.25696,0.53885,0.0008648,0.0008648,0.0008648
45,9808.26,0.44229,0.2835,0.86273,0.99938,1,0.995,0.87308,0.38843,0.23054,0.55355,0.0008384,0.0008384,0.0008384
46,10035.9,0.43316,0.27572,0.85813,0.99928,1,0.995,0.89691,0.33308,0.21085,0.5412,0.000812,0.000812,0.000812
47,10261.5,0.43438,0.28544,0.86824,0.99914,1,0.995,0.93122,0.2525,0.17784,0.5296,0.0007856,0.0007856,0.0007856
48,10488.8,0.44856,0.29198,0.86808,0.99938,1,0.995,0.90864,0.29508,0.32649,0.53408,0.0007592,0.0007592,0.0007592
49,10689.6,0.43607,0.28262,0.86081,0.99942,1,0.995,0.90996,0.289,0.26714,0.53021,0.0007328,0.0007328,0.0007328
50,10915.9,0.41534,0.26589,0.84888,0.99932,1,0.995,0.9213,0.27242,0.26188,0.53279,0.0007064,0.0007064,0.0007064
51,11141.8,0.43111,0.27525,0.86049,0.99923,1,0.995,0.90182,0.31075,0.87362,0.5351,0.00068,0.00068,0.00068
52,11368.8,0.41927,0.26567,0.8631,0.99953,1,0.995,0.91019,0.28061,0.22881,0.53059,0.0006536,0.0006536,0.0006536
53,11570.6,0.42222,0.27583,0.8591,0.99947,1,0.995,0.90901,0.30546,0.2431,0.53314,0.0006272,0.0006272,0.0006272
54,11796.6,0.43833,0.27461,0.86665,0.99712,1,0.995,0.89791,0.33192,0.28492,0.5432,0.0006008,0.0006008,0.0006008
55,12022,0.42631,0.28548,0.86681,0.99866,1,0.995,0.92116,0.27436,0.21839,0.53078,0.0005744,0.0005744,0.0005744
56,12248,0.39843,0.25834,0.85379,0.99947,1,0.995,0.90135,0.31035,0.20341,0.53631,0.000548,0.000548,0.000548
57,12475.1,0.41949,0.26786,0.86043,0.99957,1,0.995,0.91122,0.29565,0.22383,0.53363,0.0005216,0.0005216,0.0005216
58,12674.6,0.40427,0.2592,0.85664,0.99944,1,0.995,0.89545,0.32281,0.20775,0.53808,0.0004952,0.0004952,0.0004952
59,12902.1,0.39792,0.25346,0.84814,0.9973,1,0.995,0.9248,0.26442,0.17446,0.53168,0.0004688,0.0004688,0.0004688
60,13130.3,0.40092,0.25724,0.85839,0.99938,1,0.995,0.91875,0.27877,0.17918,0.529,0.0004424,0.0004424,0.0004424
61,13351.1,0.40082,0.24916,0.86258,0.99956,1,0.995,0.91975,0.2816,0.19174,0.53099,0.000416,0.000416,0.000416
62,13525.5,0.40239,0.25073,0.8555,0.99927,1,0.995,0.92474,0.28046,0.25156,0.52958,0.0003896,0.0003896,0.0003896
63,13745.6,0.37195,0.24024,0.85006,0.99945,1,0.995,0.92141,0.25832,0.17378,0.5273,0.0003632,0.0003632,0.0003632
64,13965.6,0.37822,0.24565,0.85313,0.99949,1,0.995,0.92643,0.26505,0.19449,0.52819,0.0003368,0.0003368,0.0003368
65,14183.7,0.37264,0.24198,0.84905,0.99826,1,0.995,0.92458,0.26939,0.1664,0.53144,0.0003104,0.0003104,0.0003104
66,14398.3,0.29642,0.17938,0.78019,0.99869,1,0.995,0.93714,0.25523,0.16785,0.5316,0.000284,0.000284,0.000284
67,14589.1,0.2936,0.17668,0.77815,0.99938,1,0.995,0.91303,0.29155,0.17024,0.535,0.0002576,0.0002576,0.0002576
68,14808.4,0.29686,0.17718,0.78552,0.9995,1,0.995,0.90873,0.29335,0.16726,0.5354,0.0002312,0.0002312,0.0002312
69,15026.1,0.29693,0.17779,0.78594,0.99952,1,0.995,0.92139,0.28391,0.16641,0.53231,0.0002048,0.0002048,0.0002048
70,15243.9,0.28015,0.17187,0.77334,0.99953,1,0.995,0.92677,0.26022,0.15717,0.53061,0.0001784,0.0001784,0.0001784
71,15434.6,0.28567,0.16966,0.78692,0.99954,1,0.995,0.93087,0.25294,0.15009,0.52732,0.000152,0.000152,0.000152
72,15655,0.27636,0.16392,0.78051,0.99953,1,0.995,0.92529,0.26181,0.15255,0.52739,0.0001256,0.0001256,0.0001256
73,15873.5,0.26831,0.16153,0.77423,0.99954,1,0.995,0.92979,0.24956,0.14363,0.52767,9.92e-05,9.92e-05,9.92e-05
74,16092.4,0.27578,0.1608,0.78144,0.99951,1,0.995,0.93668,0.24351,0.14342,0.52569,7.28e-05,7.28e-05,7.28e-05
75,16312.7,0.26997,0.16025,0.77958,0.99951,1,0.995,0.92643,0.25148,0.14472,0.5273,4.64e-05,4.64e-05,4.64e-05
